Location;GPSS;GPSE
North stop;-33.956024465161256;18.46136569976807
South stop;-33.958502859131976;18.459059000015262
Plaza;-33.95801341541525;18.46112430095673
